"","Parameter","Median","CI","CI_low","CI_high","pd","ROPE_CI","ROPE_low","ROPE_high","ROPE_Percentage","Rhat","ESS"
"7","r_residing_country[Belarus,Intercept]",-0.368804897095213,0.95,-0.694476424125273,-0.0246141503631528,0.98575,0.95,-0.100465561136385,0.100465561136385,0.0382611441503079,1.00004458191415,14775.1383581108
"11","r_residing_country[Bolivia,Intercept]",0.28131943962026,0.95,-0.017673879792429,0.578095713346846,0.9675,0.95,-0.100465561136385,0.100465561136385,0.0931003631387822,1.00019848010993,8963.22662815207
"15","r_residing_country[Bosnia.and.Herzegovina,Intercept]",-0.282098597898547,0.95,-0.592459624113976,0.00653343738361178,0.97275,0.95,-0.100465561136385,0.100465561136385,0.0941529393189832,1.00021495373495,8014.43966774477
"19","r_residing_country[Brazil,Intercept]",0.152134667111666,0.95,-0.111175262184804,0.41757581199425,0.86725,0.95,-0.100465561136385,0.100465561136385,0.338245355507605,1.00015684551452,8916.09530559415
"23","r_residing_country[Bulgaria,Intercept]",-0.788064698661661,0.95,-1.05371840187947,-0.535281952319506,1,0.95,-0.100465561136385,0.100465561136385,0,1.00033366794363,6055.96720220959
"27","r_residing_country[Colombia,Intercept]",0.255591183141384,0.95,0.0336747021687702,0.479141750914193,0.9875,0.95,-0.100465561136385,0.100465561136385,0.0613651913057208,1.00047756321132,6073.51939844606
"31","r_residing_country[Costa.Rica,Intercept]",0.209144695245988,0.95,0.00416245168814758,0.425427270958959,0.97495,0.95,-0.100465561136385,0.100465561136385,0.134203462975633,0.999919408536043,7658.08892971835
"35","r_residing_country[Czech.Republic,Intercept]",-0.477524933349746,0.95,-0.681293816829172,-0.273959603943853,1,0.95,-0.100465561136385,0.100465561136385,0,1.00028333773752,7551.6276502156
"39","r_residing_country[Denmark,Intercept]",-0.000845902695546842,0.95,-0.411547139340915,0.406729741451533,0.50165,0.95,-0.100465561136385,0.100465561136385,0.39350560496816,1.00011441108234,12521.2570380786
"43","r_residing_country[Ecuador,Intercept]",0.373559661241408,0.95,0.186416881238784,0.562548393117417,0.99985,0.95,-0.100465561136385,0.100465561136385,0,1.00047991280415,6830.83783417317
"47","r_residing_country[Estonia,Intercept]",0.0246134008467668,0.95,-0.212317329335974,0.251904588689646,0.58215,0.95,-0.100465561136385,0.100465561136385,0.630124730277354,1.00053650212398,8240.31261265099
"51","r_residing_country[Finland,Intercept]",-0.172352484828669,0.95,-0.436189765681744,0.0849138373886276,0.9046,0.95,-0.100465561136385,0.100465561136385,0.279669491079417,1.00113006960544,4641.70996857014
"55","r_residing_country[Germany,Intercept]",-0.472717092344048,0.95,-0.791273897051831,-0.144572032470724,0.9985,0.95,-0.100465561136385,0.100465561136385,0,1.00011254332397,13911.8893620775
"59","r_residing_country[Guatemala,Intercept]",0.155820555487646,0.95,-0.158981933123715,0.480951088443221,0.83345,0.95,-0.100465561136385,0.100465561136385,0.324982895637072,1.00023388697995,7396.27355497509
"63","r_residing_country[Honduras,Intercept]",0.43063972465936,0.95,0.17359180494923,0.697127218855243,0.99905,0.95,-0.100465561136385,0.100465561136385,0,1.00052825069265,6578.14522877748
"67","r_residing_country[Hong.Kong.(S.A.R.),Intercept]",-0.00424569996504977,0.95,-0.32822119944997,0.307345348844091,0.5094,0.95,-0.100465561136385,0.100465561136385,0.497131729908952,1.00028181527586,16740.85751427
"71","r_residing_country[Ireland,Intercept]",-0.19363898200988,0.95,-0.445861320393634,0.0511788132115992,0.93665,0.95,-0.100465561136385,0.100465561136385,0.208936371769907,1.00023863125004,7029.76136226426
"75","r_residing_country[Italy,Intercept]",0.0571960755896116,0.95,-0.202812407896104,0.302927384808194,0.67195,0.95,-0.100465561136385,0.100465561136385,0.552444608178517,1.00062575655974,5176.79230568653
"79","r_residing_country[Japan,Intercept]",0.405891325392618,0.95,0.0380154741243567,0.762192672043297,0.9851,0.95,-0.100465561136385,0.100465561136385,0.0289458449555287,1.00039583321209,4511.25215521428
"83","r_residing_country[Kazakhstan,Intercept]",-0.113541471618823,0.95,-0.443416436384032,0.212891172251706,0.75645,0.95,-0.100465561136385,0.100465561136385,0.385190253144571,1.00014947183874,12728.1378230222
"87","r_residing_country[Kyrgyzstan,Intercept]",-0.15018820829681,0.95,-0.413267680885661,0.0949160438078972,0.88395,0.95,-0.100465561136385,0.100465561136385,0.341192568812168,1.00035880484012,8009.96192849732
"91","r_residing_country[Lebanon,Intercept]",0.427993661043762,0.95,0.132563203078627,0.743263929427911,0.99705,0.95,-0.100465561136385,0.100465561136385,0,1.000370644167,8413.99488379403
"95","r_residing_country[Malaysia,Intercept]",0.435190959793825,0.95,0.133152764763348,0.74502966219086,0.99775,0.95,-0.100465561136385,0.100465561136385,0,1.00040415036009,10152.4778183962
"99","r_residing_country[Maldives,Intercept]",0.327840950694049,0.95,-0.0364354678306969,0.688902911278935,0.9627,0.95,-0.100465561136385,0.100465561136385,0.0896268617441187,1.00004532445189,15934.710819785
"103","r_residing_country[Nepal,Intercept]",0.312698304928798,0.95,-0.0693855557777336,0.713505348351717,0.9449,0.95,-0.100465561136385,0.100465561136385,0.120098942160939,0.999959457348152,16331.456553299
"107","r_residing_country[New.Zealand,Intercept]",-0.442905686294696,0.95,-0.949225619919682,0.0580638819346532,0.96115,0.95,-0.100465561136385,0.100465561136385,0.0702068312194095,1.0002724353852,17107.4570269152
"111","r_residing_country[Norway,Intercept]",0.254683883881437,0.95,0.0158388870110158,0.50515604997012,0.98045,0.95,-0.100465561136385,0.100465561136385,0.0806799642124099,1.00031360459805,7858.70639120792
"115","r_residing_country[Other,Intercept]",0.105237830710566,0.95,-0.271354895597382,0.50776552580163,0.7046,0.95,-0.100465561136385,0.100465561136385,0.358928477448555,1.00006009924306,21491.6258753463
"119","r_residing_country[Pakistan,Intercept]",0.0574938999440321,0.95,-0.288630889578138,0.424610528121706,0.6264,0.95,-0.100465561136385,0.100465561136385,0.422977738013789,1.00045563092317,9319.80284850559
"123","r_residing_country[Portugal,Intercept]",0.262152209618997,0.95,0.006547605008366,0.510656006693064,0.97965,0.95,-0.100465561136385,0.100465561136385,0.0843113520341035,1.00013302160256,8803.83590260688
"127","r_residing_country[Russian.Federation,Intercept]",-0.437131353794158,0.95,-0.655093762495266,-0.222309579425293,0.99995,0.95,-0.100465561136385,0.100465561136385,0,1.00106747615706,4390.05397466714
"131","r_residing_country[Slovakia,Intercept]",-0.0698100489782533,0.95,-0.27243797493637,0.142365640537425,0.7468,0.95,-0.100465561136385,0.100465561136385,0.590337350665754,1.00024889542182,7860.5319798243
"135","r_residing_country[South.Africa,Intercept]",-0.128083975647688,0.95,-0.528678096570771,0.258829494605948,0.74055,0.95,-0.100465561136385,0.100465561136385,0.335140255776012,0.999914272441451,11553.9397449356
"139","r_residing_country[Spain,Intercept]",0.0888841983642251,0.95,-0.109874863896508,0.292457806082431,0.8051,0.95,-0.100465561136385,0.100465561136385,0.541024156623336,1.00066607017681,4908.14620285683
"143","r_residing_country[Sweden,Intercept]",0.135709313534207,0.95,-0.196081290168092,0.481865878436123,0.78625,0.95,-0.100465561136385,0.100465561136385,0.349507920635756,1.0002258533157,13209.5751574741
"147","r_residing_country[Switzerland,Intercept]",-0.510984303862916,0.95,-0.804107432512505,-0.214882084111489,0.99945,0.95,-0.100465561136385,0.100465561136385,0,1.0011020240932,6490.66698487147
"151","r_residing_country[Taiwan,Intercept]",0.416323990018422,0.95,0.10889559453243,0.732734253445624,0.996,0.95,-0.100465561136385,0.100465561136385,0,1.00037058596948,8144.62550380493
"155","r_residing_country[Turkey,Intercept]",0.190322704717049,0.95,-0.148375159357189,0.546768451262832,0.8611,0.95,-0.100465561136385,0.100465561136385,0.27293300352613,1.00058079627109,9706.88901399506
"159","r_residing_country[Uganda,Intercept]",-0.0713027972205652,0.95,-0.455948292733813,0.314459378559725,0.64255,0.95,-0.100465561136385,0.100465561136385,0.390295247618546,1.00047358559082,11293.8438554101
"163","r_residing_country[Ukraine,Intercept]",-0.773499446245467,0.95,-0.980057526812321,-0.561952027544026,1,0.95,-0.100465561136385,0.100465561136385,0,1.00009315738023,6861.66924891749
"167","r_residing_country[United.Kingdom.of.Great.Britain.and.Northern.Ireland,Intercept]",-0.00179979680413145,0.95,-0.308391773574614,0.30368247098963,0.5047,0.95,-0.100465561136385,0.100465561136385,0.513815062365139,0.999977565251195,15597.2993427255
"171","r_residing_country[United.States.of.America,Intercept]",-0.0548619763570355,0.95,-0.35105237391934,0.238696715872367,0.6397,0.95,-0.100465561136385,0.100465561136385,0.495868638492711,1.00011528420132,13448.8842434417
"175","r_residing_country[Uruguay,Intercept]",0.0700903437983044,0.95,-0.156756034288717,0.303420445342554,0.72875,0.95,-0.100465561136385,0.100465561136385,0.561970422609336,1.00072211342281,5654.05354075163
"8","r_residing_country[Belarus,trust_1]",0.0506848885877536,0.95,-0.109655862862954,0.210544209328875,0.75285,0.95,-0.100465561136385,0.100465561136385,0.753223514551866,0.9999514188757,25784.1595743539
"12","r_residing_country[Bolivia,trust_1]",-0.0723010161369063,0.95,-0.245337870445068,0.0661837739352403,0.85825,0.95,-0.100465561136385,0.100465561136385,0.657807483816641,0.999865405635928,18775.951852682
"16","r_residing_country[Bosnia.and.Herzegovina,trust_1]",-0.0781426974573162,0.95,-0.271440474488623,0.0755925077334183,0.85045,0.95,-0.100465561136385,0.100465561136385,0.613388769012157,0.999947073365058,11576.881390692
"20","r_residing_country[Brazil,trust_1]",-0.00262072281875461,0.95,-0.131576319799785,0.13017445293329,0.5155,0.95,-0.100465561136385,0.100465561136385,0.917688542708278,0.999924880209778,25557.4213157541
"24","r_residing_country[Bulgaria,trust_1]",0.198108546658573,0.95,0.0439105695004605,0.362109953883687,0.99455,0.95,-0.100465561136385,0.100465561136385,0.0881006262828272,0.99986637973055,11077.5685681828
"28","r_residing_country[Colombia,trust_1]",-0.0283539604832887,0.95,-0.134662717689458,0.0801296783032112,0.7079,0.95,-0.100465561136385,0.100465561136385,0.935108678490606,0.999841356547267,18136.1398535405
"32","r_residing_country[Costa.Rica,trust_1]",-0.0331426561540176,0.95,-0.151083271843949,0.0913048278193874,0.71695,0.95,-0.100465561136385,0.100465561136385,0.897268564812378,0.999918202176875,21266.0588715522
"36","r_residing_country[Czech.Republic,trust_1]",0.0661210560453542,0.95,-0.0802675643497094,0.206538979660165,0.8279,0.95,-0.100465561136385,0.100465561136385,0.702594600284196,0.999974074179968,11743.9080790653
"40","r_residing_country[Denmark,trust_1]",0.0330832129317267,0.95,-0.12097341754688,0.201069827383073,0.66725,0.95,-0.100465561136385,0.100465561136385,0.800905215514973,0.999947231739154,22077.038255414
"44","r_residing_country[Ecuador,trust_1]",-0.00541956468283866,0.95,-0.119895044632928,0.120161298148896,0.5382,0.95,-0.100465561136385,0.100465561136385,0.951528866901742,0.999914779680619,19277.4084358895
"48","r_residing_country[Estonia,trust_1]",-0.00163564322744577,0.95,-0.138790228024087,0.129865935864532,0.51095,0.95,-0.100465561136385,0.100465561136385,0.912846692279354,0.999974232557881,17457.4854210683
"52","r_residing_country[Finland,trust_1]",0.128987174152083,0.95,0.0319337036522949,0.243556444051659,0.99655,0.95,-0.100465561136385,0.100465561136385,0.286405978632704,0.999936674525019,13182.2485288342
"56","r_residing_country[Germany,trust_1]",0.081015561407287,0.95,-0.0832971419356674,0.254431300919991,0.8495,0.95,-0.100465561136385,0.100465561136385,0.602915636019157,0.999826399002673,17199.5329375348
"60","r_residing_country[Guatemala,trust_1]",-0.0595758122402576,0.95,-0.192184348919795,0.0649865317304889,0.8405,0.95,-0.100465561136385,0.100465561136385,0.761328351139414,0.999955273337517,22655.9310226698
"64","r_residing_country[Honduras,trust_1]",-0.108610881599876,0.95,-0.250117559125187,0.0104881885652616,0.96495,0.95,-0.100465561136385,0.100465561136385,0.446555444450292,0.999900053606693,19880.6214212259
"68","r_residing_country[Hong.Kong.(S.A.R.),trust_1]",0.0324772839285484,0.95,-0.104648225423388,0.191816180022788,0.69025,0.95,-0.100465561136385,0.100465561136385,0.836324403978738,0.999892761502578,24115.8121424703
"72","r_residing_country[Ireland,trust_1]",0.00782200371688774,0.95,-0.109474569311493,0.131131135526492,0.5546,0.95,-0.100465561136385,0.100465561136385,0.948634282406189,1.00001861964535,22828.5998273241
"76","r_residing_country[Italy,trust_1]",0.0547653830949088,0.95,-0.0687298698395049,0.205827132207293,0.8103,0.95,-0.100465561136385,0.100465561136385,0.750855218146413,1.00001791289362,14440.8913710477
"80","r_residing_country[Japan,trust_1]",-0.0705714423427456,0.95,-0.153640104862211,0.0108719011263132,0.95305,0.95,-0.100465561136385,0.100465561136385,0.77764328193253,0.999944482505073,14112.7366514975
"84","r_residing_country[Kazakhstan,trust_1]",0.0122967661275503,0.95,-0.152403279859138,0.166616824657222,0.5679,0.95,-0.100465561136385,0.100465561136385,0.845008157465397,0.999906000683173,24109.9279926278
"88","r_residing_country[Kyrgyzstan,trust_1]",-0.0318907693485439,0.95,-0.181378104687931,0.0955848255500993,0.6921,0.95,-0.100465561136385,0.100465561136385,0.849955265512341,1.00007880099612,16226.5790657064
"92","r_residing_country[Lebanon,trust_1]",-0.0542230680530748,0.95,-0.216430809477682,0.11541566484976,0.75535,0.95,-0.100465561136385,0.100465561136385,0.734066628072207,0.999940686739815,15348.7594155807
"96","r_residing_country[Malaysia,trust_1]",-0.056916188314117,0.95,-0.212367929922204,0.0889500484131891,0.79035,0.95,-0.100465561136385,0.100465561136385,0.738276932793011,0.999826297614194,27865.1298004313
"100","r_residing_country[Maldives,trust_1]",-0.0458337948200089,0.95,-0.21468980796323,0.127012629679609,0.71965,0.95,-0.100465561136385,0.100465561136385,0.74775011841482,0.999842116197926,25984.0404575954
"104","r_residing_country[Nepal,trust_1]",-0.0544935363823868,0.95,-0.23418446597639,0.10855315608545,0.7636,0.95,-0.100465561136385,0.100465561136385,0.723698752697226,0.999980069414065,27084.0771714977
"108","r_residing_country[New.Zealand,trust_1]",-0.00455034331735815,0.95,-0.2135853406516,0.177372038619643,0.51975,0.95,-0.100465561136385,0.100465561136385,0.746855428661649,0.999992766541392,19969.6429211321
"112","r_residing_country[Norway,trust_1]",-0.03763294839308,0.95,-0.152318916526736,0.0684718260936958,0.7578,0.95,-0.100465561136385,0.100465561136385,0.892110941529393,1.00005329816218,19859.8485952514
"116","r_residing_country[Other,trust_1]",-0.0195920513520021,0.95,-0.184909533025816,0.149919122664763,0.6026,0.95,-0.100465561136385,0.100465561136385,0.81811483606126,0.99996941569644,24404.5320014747
"120","r_residing_country[Pakistan,trust_1]",0.0593165235367658,0.95,-0.091952119271315,0.244264843729886,0.7865,0.95,-0.100465561136385,0.100465561136385,0.700226303878743,0.99999960627375,18840.9980586051
"124","r_residing_country[Portugal,trust_1]",-0.0252052521805114,0.95,-0.15726010245502,0.108079660362183,0.65465,0.95,-0.100465561136385,0.100465561136385,0.891532024630283,0.999894871839632,27674.4643872468
"128","r_residing_country[Russian.Federation,trust_1]",0.11107654523224,0.95,0.0287887853175541,0.195138585368962,0.9981,0.95,-0.100465561136385,0.100465561136385,0.401084153465607,1.00006624483403,10926.7414032481
"132","r_residing_country[Slovakia,trust_1]",-0.00705420146030723,0.95,-0.133414102123583,0.122870748088062,0.55005,0.95,-0.100465561136385,0.100465561136385,0.931372033050892,0.999928420163783,22410.1981131288
"136","r_residing_country[South.Africa,trust_1]",0.00885664984598752,0.95,-0.155384853071763,0.164114240335641,0.54805,0.95,-0.100465561136385,0.100465561136385,0.842218830587864,0.99989000033619,30788.8854526603
"140","r_residing_country[Spain,trust_1]",-0.0522341177161823,0.95,-0.168399087425956,0.050475042845827,0.84195,0.95,-0.100465561136385,0.100465561136385,0.819325298668491,1.00021795779192,12105.3994743965
"144","r_residing_country[Sweden,trust_1]",-0.108319551822979,0.95,-0.269891683882009,0.0380881872423406,0.9323,0.95,-0.100465561136385,0.100465561136385,0.462449344771328,1.00003069605031,12293.8402852839
"148","r_residing_country[Switzerland,trust_1]",0.0706897042725656,0.95,-0.0646833057995409,0.196931256539373,0.85755,0.95,-0.100465561136385,0.100465561136385,0.690437345402873,0.999969216896784,13561.3695557932
"152","r_residing_country[Taiwan,trust_1]",-0.065344724819631,0.95,-0.219189172055159,0.0828074073367399,0.815,0.95,-0.100465561136385,0.100465561136385,0.691121519920004,0.999913877898183,23715.859220534
"156","r_residing_country[Turkey,trust_1]",-0.0228958968177471,0.95,-0.178148200092105,0.144111901969236,0.62615,0.95,-0.100465561136385,0.100465561136385,0.829535287616441,0.99985844035422,29092.9682716939
"160","r_residing_country[Uganda,trust_1]",0.00271645162549931,0.95,-0.159184586172625,0.166492064182238,0.51515,0.95,-0.100465561136385,0.100465561136385,0.846008104836588,1.00000482775532,31245.4806406311
"164","r_residing_country[Ukraine,trust_1]",0.0278335098667984,0.95,-0.134674808149008,0.182672097564685,0.6362,0.95,-0.100465561136385,0.100465561136385,0.805062891426767,1.00001343261081,12812.6977729642
"168","r_residing_country[United.Kingdom.of.Great.Britain.and.Northern.Ireland,trust_1]",0.0229054454111036,0.95,-0.116199404202698,0.175136686081905,0.6315,0.95,-0.100465561136385,0.100465561136385,0.860323140887322,0.999933139510913,29469.8571219936
"172","r_residing_country[United.States.of.America,trust_1]",0.0681107273956651,0.95,-0.0696750968755276,0.234441720221979,0.83865,0.95,-0.100465561136385,0.100465561136385,0.676174938161149,0.999929040218989,21217.0992906851
"176","r_residing_country[Uruguay,trust_1]",0.0289149751675588,0.95,-0.0774544247843737,0.144388294927138,0.7013,0.95,-0.100465561136385,0.100465561136385,0.911530972054102,0.9998598141796,18123.4387519209
"9","r_residing_country[Belarus,trust_5]",0.0885197289126917,0.95,-0.0381750729742533,0.253609762912184,0.9195,0.95,-0.100465561136385,0.100465561136385,0.571285721804116,0.999895797884437,19809.3128738786
"13","r_residing_country[Bolivia,trust_5]",-0.0520512271968864,0.95,-0.174044606811774,0.069081676345628,0.81755,0.95,-0.100465561136385,0.100465561136385,0.827693279301089,1.00012934316835,20783.218954968
"17","r_residing_country[Bosnia.and.Herzegovina,trust_5]",-0.00294118563788326,0.95,-0.14128843512572,0.125816906096613,0.5216,0.95,-0.100465561136385,0.100465561136385,0.919846323877691,1.00012364309102,17169.7361767048
"21","r_residing_country[Brazil,trust_5]",-0.023809277613562,0.95,-0.136417463757425,0.0874844957914411,0.67675,0.95,-0.100465561136385,0.100465561136385,0.934266617546445,0.999969924067911,21968.063292456
"25","r_residing_country[Bulgaria,trust_5]",0.232408106896682,0.95,0.0998495731239457,0.375884823719,0.99985,0.95,-0.100465561136385,0.100465561136385,0.00105257618020104,0.99988747268255,11850.8929083896
"29","r_residing_country[Colombia,trust_5]",-0.0437586504517628,0.95,-0.140272630310294,0.0482368430276258,0.8327,0.95,-0.100465561136385,0.100465561136385,0.90900478922162,1.00014910588217,11975.9613491962
"33","r_residing_country[Costa.Rica,trust_5]",-0.0678758361552778,0.95,-0.185590693370773,0.0366727445357816,0.9124,0.95,-0.100465561136385,0.100465561136385,0.734645544971317,0.999941432913333,17304.3322615143
"37","r_residing_country[Czech.Republic,trust_5]",0.0839582874732582,0.95,-0.0332756524213881,0.198040722312841,0.9196,0.95,-0.100465561136385,0.100465561136385,0.618072733014052,1.00026596541977,8038.89439741659
"41","r_residing_country[Denmark,trust_5]",0.0277635916746828,0.95,-0.113537458872148,0.174752594384238,0.6633,0.95,-0.100465561136385,0.100465561136385,0.856849639492658,0.999889061255799,27838.4953422782
"45","r_residing_country[Ecuador,trust_5]",-0.0542982760427853,0.95,-0.163893175928856,0.0562661353010812,0.86,0.95,-0.100465561136385,0.100465561136385,0.826851218356929,0.999956588917961,17345.0185229541
"49","r_residing_country[Estonia,trust_5]",0.026376739335218,0.95,-0.0972605963899715,0.161167917285164,0.676,0.95,-0.100465561136385,0.100465561136385,0.89932108836377,0.999995504505847,15378.3730001659
"53","r_residing_country[Finland,trust_5]",0.0679328138730731,0.95,-0.0396108250520725,0.169349224756118,0.9046,0.95,-0.100465561136385,0.100465561136385,0.75785484974475,1.00000485685784,15443.0042419237
"57","r_residing_country[Germany,trust_5]",0.0892744979304526,0.95,-0.0536605405023097,0.233632635143998,0.8962,0.95,-0.100465561136385,0.100465561136385,0.570654176095995,1.0000085202263,16875.8400356728
"61","r_residing_country[Guatemala,trust_5]",-0.0386716547652639,0.95,-0.140283330560001,0.0647615606444022,0.7902,0.95,-0.100465561136385,0.100465561136385,0.911373085627072,0.99996505043433,20174.9762006987
"65","r_residing_country[Honduras,trust_5]",-0.0914984309191077,0.95,-0.204332278347391,0.0167955965288205,0.95035,0.95,-0.100465561136385,0.100465561136385,0.569391084679754,1.00007754543678,19897.271130941
"69","r_residing_country[Hong.Kong.(S.A.R.),trust_5]",0.00358367664061437,0.95,-0.137568864109145,0.128366851342198,0.52325,0.95,-0.100465561136385,0.100465561136385,0.926530182621967,0.999982804028157,23711.9812905186
"73","r_residing_country[Ireland,trust_5]",0.0431235777807529,0.95,-0.067434307856457,0.163317551318798,0.7962,0.95,-0.100465561136385,0.100465561136385,0.863059838955844,0.999949565806724,18938.9778131771
"77","r_residing_country[Italy,trust_5]",-0.00472941007600486,0.95,-0.129580270772837,0.105766742189828,0.5358,0.95,-0.100465561136385,0.100465561136385,0.952423556654913,1.00007967965693,13183.768835095
"81","r_residing_country[Japan,trust_5]",-0.117726121247901,0.95,-0.201045157709185,-0.040867799562912,0.9991,0.95,-0.100465561136385,0.100465561136385,0.335508657439082,1.00012086645827,13498.2287677041
"85","r_residing_country[Kazakhstan,trust_5]",0.0355233696942303,0.95,-0.0908987176081605,0.18173329968001,0.72155,0.95,-0.100465561136385,0.100465561136385,0.851797273827693,0.999965799163522,17982.2287324802
"89","r_residing_country[Kyrgyzstan,trust_5]",0.0111872466525923,0.95,-0.105353293003377,0.122590764347384,0.58415,0.95,-0.100465561136385,0.100465561136385,0.960686279669491,1.00022841576378,12067.3108073599
"93","r_residing_country[Lebanon,trust_5]",-0.058785844476329,0.95,-0.198792613355948,0.0898515688980504,0.7984,0.95,-0.100465561136385,0.100465561136385,0.745750223672438,1.00028954735073,12167.1424922335
"97","r_residing_country[Malaysia,trust_5]",-0.0602226327497003,0.95,-0.205026521366476,0.0848126958670011,0.80995,0.95,-0.100465561136385,0.100465561136385,0.740329456344403,1.00004740566905,21808.2837338285
"101","r_residing_country[Maldives,trust_5]",-0.0643715571175097,0.95,-0.220133058531433,0.0899016077698222,0.81815,0.95,-0.100465561136385,0.100465561136385,0.704647123835588,1.00007087877996,19594.3550166193
"105","r_residing_country[Nepal,trust_5]",-0.0609219353528026,0.95,-0.222563115765804,0.0835971189450512,0.81275,0.95,-0.100465561136385,0.100465561136385,0.721909373190885,0.99994532243702,25023.7823632745
"109","r_residing_country[New.Zealand,trust_5]",0.0444045088390846,0.95,-0.154445119138921,0.226477084458419,0.69675,0.95,-0.100465561136385,0.100465561136385,0.712488816378085,0.999957989898233,18953.8304807955
"113","r_residing_country[Norway,trust_5]",-0.0241710456880901,0.95,-0.138381248723935,0.0958825885964778,0.6691,0.95,-0.100465561136385,0.100465561136385,0.93984527130151,0.999898189302105,12839.8251201543
"117","r_residing_country[Other,trust_5]",-0.0208157937527689,0.95,-0.164375359030058,0.130974811634052,0.62385,0.95,-0.100465561136385,0.100465561136385,0.866375453923478,0.999853992859922,21441.7855396032
"121","r_residing_country[Pakistan,trust_5]",0.0273081237553502,0.95,-0.111887437903317,0.181766141230854,0.65905,0.95,-0.100465561136385,0.100465561136385,0.850586811220462,1.00012125400281,20933.0744831472
"125","r_residing_country[Portugal,trust_5]",-0.036058640126343,0.95,-0.164434913524252,0.0887339429847036,0.73155,0.95,-0.100465561136385,0.100465561136385,0.882690384716594,1.0001047553464,19247.6518432382
"129","r_residing_country[Russian.Federation,trust_5]",0.071526181789489,0.95,-0.00504491161581232,0.149254635737016,0.96325,0.95,-0.100465561136385,0.100465561136385,0.785221830429977,1.00007915908752,9764.3600060726
"133","r_residing_country[Slovakia,trust_5]",-0.00948365551977898,0.95,-0.117033905298467,0.0919910441100577,0.5819,0.95,-0.100465561136385,0.100465561136385,0.977948529024788,0.999882027644161,19919.8355202314
"137","r_residing_country[South.Africa,trust_5]",0.0289949139928981,0.95,-0.104837492365186,0.177550750745673,0.6697,0.95,-0.100465561136385,0.100465561136385,0.860270512078312,0.999837298687302,27595.9789826784
"141","r_residing_country[Spain,trust_5]",-0.021813203625745,0.95,-0.12374021707819,0.079147069638887,0.67565,0.95,-0.100465561136385,0.100465561136385,0.960317878006421,0.999938147520591,9773.5497476037
"145","r_residing_country[Sweden,trust_5]",-0.0816986512026021,0.95,-0.241630961819211,0.0535355988928621,0.88405,0.95,-0.100465561136385,0.100465561136385,0.602441976738066,1.00020759159738,12175.6438495487
"149","r_residing_country[Switzerland,trust_5]",0.157108710137979,0.95,0.0386951680981433,0.309059312743202,0.9987,0.95,-0.100465561136385,0.100465561136385,0.169938424293458,0.999944189095207,13191.9478429525
"153","r_residing_country[Taiwan,trust_5]",-0.110654665808814,0.95,-0.247757624935474,0.00537442511019069,0.9728,0.95,-0.100465561136385,0.100465561136385,0.431503605073417,0.999945551856649,18526.2546052887
"157","r_residing_country[Turkey,trust_5]",-0.051876568279494,0.95,-0.20496986441524,0.0802020153592722,0.7958,0.95,-0.100465561136385,0.100465561136385,0.771222567233304,1.00007699038201,21736.9242169556
"161","r_residing_country[Uganda,trust_5]",0.00102099815780616,0.95,-0.150667720720343,0.139944033323375,0.50635,0.95,-0.100465561136385,0.100465561136385,0.894373980316825,0.999891107563874,24848.7290123844
"165","r_residing_country[Ukraine,trust_5]",0.0509853965924037,0.95,-0.0908807907689077,0.180311619707766,0.76515,0.95,-0.100465561136385,0.100465561136385,0.785484974475028,1.00018748161168,13234.3318846718
"169","r_residing_country[United.Kingdom.of.Great.Britain.and.Northern.Ireland,trust_5]",-0.0026388605923354,0.95,-0.147090031737647,0.139057145541006,0.51755,0.95,-0.100465561136385,0.100465561136385,0.895058154833956,0.99986306170169,27441.1574870687
"173","r_residing_country[United.States.of.America,trust_5]",0.0424360062386284,0.95,-0.0833937464046906,0.178904825501699,0.76185,0.95,-0.100465561136385,0.100465561136385,0.831535182358823,0.999970795635857,24162.1183239075
"177","r_residing_country[Uruguay,trust_5]",-0.0142799769787156,0.95,-0.123818015147526,0.0845023026052561,0.6166,0.95,-0.100465561136385,0.100465561136385,0.963633492974054,1.00003228037449,14614.8658854163
"10","r_residing_country[Belarus,trust_7]",-0.00282358446784027,0.95,-0.208044627402699,0.185325019406842,0.51235,0.95,-0.100465561136385,0.100465561136385,0.732645650228935,1.00036953213696,22527.1598010868
"14","r_residing_country[Bolivia,trust_7]",-0.027353833564805,0.95,-0.19025158397189,0.13750032649774,0.63605,0.95,-0.100465561136385,0.100465561136385,0.788484816588601,0.999897809756078,27386.0805974367
"18","r_residing_country[Bosnia.and.Herzegovina,trust_7]",0.0348803912561099,0.95,-0.130632180084993,0.19725496749956,0.6722,0.95,-0.100465561136385,0.100465561136385,0.779643176674912,1.00006961793047,18909.3459786181
"22","r_residing_country[Brazil,trust_7]",-0.0249766383120517,0.95,-0.197669548920289,0.153479214538325,0.61705,0.95,-0.100465561136385,0.100465561136385,0.772380401031525,0.999988920136943,25823.1102556772
"26","r_residing_country[Bulgaria,trust_7]",0.206476403125887,0.95,0.0678605059828271,0.349199771405252,0.99805,0.95,-0.100465561136385,0.100465561136385,0.0436819114783432,0.99998453498167,19712.1723027427
"30","r_residing_country[Colombia,trust_7]",-0.0966840569671567,0.95,-0.224569326833424,0.0228918762771651,0.9451,0.95,-0.100465561136385,0.100465561136385,0.528130098415873,1.00002538940301,18711.2921938207
"34","r_residing_country[Costa.Rica,trust_7]",-0.0731043290799283,0.95,-0.227662293850471,0.0828880434484704,0.8281,0.95,-0.100465561136385,0.100465561136385,0.653386663859797,0.999908304292382,26134.5291757757
"38","r_residing_country[Czech.Republic,trust_7]",0.205290649851093,0.95,0.0735272264311157,0.352016280176744,0.9995,0.95,-0.100465561136385,0.100465561136385,0.0371033103520867,1.00018025414137,11476.1284323988
"42","r_residing_country[Denmark,trust_7]",0.0725816945051475,0.95,-0.14707824986096,0.30474035841278,0.75295,0.95,-0.100465561136385,0.100465561136385,0.577706436503342,1.00007289004984,26002.0537013374
"46","r_residing_country[Ecuador,trust_7]",0.0359224337683603,0.95,-0.113630857704894,0.188207041768729,0.6845,0.95,-0.100465561136385,0.100465561136385,0.807378559023209,0.999939722854797,25904.6363749564
"50","r_residing_country[Estonia,trust_7]",0.0891119627729385,0.95,-0.0606243227830243,0.25485663984803,0.87905,0.95,-0.100465561136385,0.100465561136385,0.562180937845377,0.999953824548679,22555.409037493
"54","r_residing_country[Finland,trust_7]",0.0741278688444137,0.95,-0.051807229961239,0.200344113439851,0.87515,0.95,-0.100465561136385,0.100465561136385,0.670806799642124,1.00010470301121,20851.1933648098
"58","r_residing_country[Germany,trust_7]",0.144435830384436,0.95,-0.0388794570671734,0.365172866378592,0.9434,0.95,-0.100465561136385,0.100465561136385,0.319614757118046,0.999962671287846,16659.040692452
"62","r_residing_country[Guatemala,trust_7]",-0.0591305767013539,0.95,-0.191190834763312,0.0638873679185383,0.83015,0.95,-0.100465561136385,0.100465561136385,0.751328877427504,1.00006948140574,21510.1974351723
"66","r_residing_country[Honduras,trust_7]",-0.072129302338733,0.95,-0.198682460842304,0.0535585069395049,0.8749,0.95,-0.100465561136385,0.100465561136385,0.678490605757592,0.99996618903422,22986.7552204766
"70","r_residing_country[Hong.Kong.(S.A.R.),trust_7]",0.0317903791172322,0.95,-0.168592809212038,0.240620934755567,0.6331,0.95,-0.100465561136385,0.100465561136385,0.702594600284196,0.999986977894258,30805.2970215178
"74","r_residing_country[Ireland,trust_7]",-0.0363604356369072,0.95,-0.207407448987172,0.130055111348253,0.67085,0.95,-0.100465561136385,0.100465561136385,0.766012315141308,1.00012896080669,24954.7340586114
"78","r_residing_country[Italy,trust_7]",0.0913122781891886,0.95,-0.0647636131422311,0.242965128651164,0.8885,0.95,-0.100465561136385,0.100465561136385,0.5554970791011,0.999936571692672,16533.9396640325
"82","r_residing_country[Japan,trust_7]",-0.00736232073960054,0.95,-0.0946508918678929,0.0854487129931489,0.5605,0.95,-0.100465561136385,0.100465561136385,1,0.999864572130093,16673.8856301808
"86","r_residing_country[Kazakhstan,trust_7]",0.07619064961522,0.95,-0.0979238154187564,0.277325407636444,0.80795,0.95,-0.100465561136385,0.100465561136385,0.607441713594021,0.999925517540381,24207.2039872801
"90","r_residing_country[Kyrgyzstan,trust_7]",-0.108724883493406,0.95,-0.247315349747593,0.0226398413206257,0.94965,0.95,-0.100465561136385,0.100465561136385,0.455554970791011,0.999999268258414,18228.054357835
"94","r_residing_country[Lebanon,trust_7]",-0.136739949903364,0.95,-0.313212297464851,0.0352950438260755,0.95015,0.95,-0.100465561136385,0.100465561136385,0.336245460765223,1.00004334073821,16673.6893730505
"98","r_residing_country[Malaysia,trust_7]",-0.0418035958850188,0.95,-0.234444295306211,0.145198141477106,0.67655,0.95,-0.100465561136385,0.100465561136385,0.699700015788643,1.0001447858411,26663.9430930859
"102","r_residing_country[Maldives,trust_7]",-0.0939595026589587,0.95,-0.31586936772398,0.118888551751719,0.81915,0.95,-0.100465561136385,0.100465561136385,0.521498868480606,0.999935495466622,24947.5439466366
"106","r_residing_country[Nepal,trust_7]",-0.0557661605699258,0.95,-0.270528234948716,0.145036022483873,0.71655,0.95,-0.100465561136385,0.100465561136385,0.644860796800168,0.999873280792284,30104.4223992069
"110","r_residing_country[New.Zealand,trust_7]",0.0785197423387176,0.95,-0.164005220095865,0.357738280482105,0.7461,0.95,-0.100465561136385,0.100465561136385,0.528972159360034,1.0002768826434,15244.6392959033
"114","r_residing_country[Norway,trust_7]",-0.100008126561244,0.95,-0.273745140798822,0.0575225068913033,0.8996,0.95,-0.100465561136385,0.100465561136385,0.506183885058681,0.999886062723363,14940.4643470437
"118","r_residing_country[Other,trust_7]",-0.0745863508604538,0.95,-0.298159230101259,0.132818236043875,0.7747,0.95,-0.100465561136385,0.100465561136385,0.586758591653071,0.999848661171292,24863.0080055021
"122","r_residing_country[Pakistan,trust_7]",0.041224970529477,0.95,-0.152484694706478,0.239090271924032,0.6719,0.95,-0.100465561136385,0.100465561136385,0.698015893900321,0.999872202323586,26029.6783772422
"126","r_residing_country[Portugal,trust_7]",-0.0606140810831447,0.95,-0.247329831227033,0.100533022560339,0.76335,0.95,-0.100465561136385,0.100465561136385,0.680122098836903,0.999828968852994,25267.4782169731
"130","r_residing_country[Russian.Federation,trust_7]",-0.0844573033090132,0.95,-0.174271709388401,0.00365855047647754,0.97015,0.95,-0.100465561136385,0.100465561136385,0.650597336982264,1.00019263065233,14366.1279256009
"134","r_residing_country[Slovakia,trust_7]",-0.0365355387446266,0.95,-0.181739317247614,0.10200052521934,0.70025,0.95,-0.100465561136385,0.100465561136385,0.832798273775064,0.99990489691874,25219.5471956552
"138","r_residing_country[South.Africa,trust_7]",0.0142721352873192,0.95,-0.216724593396786,0.251047462514909,0.55425,0.95,-0.100465561136385,0.100465561136385,0.663859796852797,0.999879867388022,31698.4490959935
"142","r_residing_country[Spain,trust_7]",0.135009120577451,0.95,-0.0102608354644095,0.292813516348048,0.96815,0.95,-0.100465561136385,0.100465561136385,0.321140992579338,1.00002391671388,14346.5654252645
"146","r_residing_country[Sweden,trust_7]",-0.158529018469622,0.95,-0.390791728272577,0.0560676823772557,0.9355,0.95,-0.100465561136385,0.100465561136385,0.286037576969633,1.00019475607399,21389.435504417
"150","r_residing_country[Switzerland,trust_7]",0.0670327972268499,0.95,-0.0978222418630195,0.23010470606134,0.7998,0.95,-0.100465561136385,0.100465561136385,0.668912162517762,1.00026101079207,17662.8782893368
"154","r_residing_country[Taiwan,trust_7]",-0.0629708531692197,0.95,-0.245573187710267,0.118700828763374,0.7611,0.95,-0.100465561136385,0.100465561136385,0.655070785748119,0.99988447792161,26842.680297166
"158","r_residing_country[Turkey,trust_7]",-0.0486895041630961,0.95,-0.241786825013906,0.129728600946802,0.70705,0.95,-0.100465561136385,0.100465561136385,0.694279248460607,0.999867059442171,30960.1228882792
"162","r_residing_country[Uganda,trust_7]",-0.0280317701404823,0.95,-0.219284670354911,0.169838694071033,0.61515,0.95,-0.100465561136385,0.100465561136385,0.721646229145834,0.999855272336844,26086.0442921593
"166","r_residing_country[Ukraine,trust_7]",-0.0277798676506082,0.95,-0.179974679317943,0.12904876494198,0.64455,0.95,-0.100465561136385,0.100465561136385,0.813588758486395,1.00026770877697,16786.094200455
"170","r_residing_country[United.Kingdom.of.Great.Britain.and.Northern.Ireland,trust_7]",0.00106487759333167,0.95,-0.201006246679859,0.212247588290514,0.5042,0.95,-0.100465561136385,0.100465561136385,0.715172885637598,1.00002177436751,29235.0376349644
"174","r_residing_country[United.States.of.America,trust_7]",0.0397215379337855,0.95,-0.161036122676873,0.243457014557681,0.6564,0.95,-0.100465561136385,0.100465561136385,0.687858533761381,0.999921466223522,28843.5844993534
"178","r_residing_country[Uruguay,trust_7]",0.0964135827927914,0.95,-0.0471481296041958,0.251071807317026,0.9107,0.95,-0.100465561136385,0.100465561136385,0.52486711225725,0.999975681461345,16929.1395695224
"179","sd_residing_country__Intercept",0.358674513673246,0.95,0.277856259986261,0.458589497283143,1,0.95,-0.100465561136385,0.100465561136385,0,1.00053537726873,5487.61910782354
"180","sd_residing_country__trust_1",0.0965756248720967,0.95,0.0496304185678933,0.148745276221971,1,0.95,-0.100465561136385,0.100465561136385,0.577759065312352,0.999981551439356,8251.18676271913
"181","sd_residing_country__trust_5",0.0935746677655265,0.95,0.0507598808924611,0.14261945628344,1,0.95,-0.100465561136385,0.100465561136385,0.63591389926846,0.999960955970342,10142.438172275
"182","sd_residing_country__trust_7",0.126602193466098,0.95,0.0746635415345143,0.187441684070103,1,0.95,-0.100465561136385,0.100465561136385,0.154676069680543,1.00004605432765,6606.69701456212
"1","cor_residing_country__Intercept__trust_1",-0.433598155078958,0.95,-0.859925231166145,0.0296480892719513,0.95255,0.95,-0.100465561136385,0.100465561136385,0.0645755486553339,0.999964850125678,10195.1404545822
"2","cor_residing_country__Intercept__trust_5",-0.671955989657597,0.95,-0.963234279035776,-0.288567841865076,0.9971,0.95,-0.100465561136385,0.100465561136385,0,1.00027519421033,10600.929761754
"4","cor_residing_country__trust_1__trust_5",0.513329131277287,0.95,-0.0483873605807848,0.939966561197729,0.9465,0.95,-0.100465561136385,0.100465561136385,0.0631019420030525,1.00002101358723,8364.17634703902
"3","cor_residing_country__Intercept__trust_7",-0.350128098671325,0.95,-0.715632061103368,0.0483418499669874,0.9448,0.95,-0.100465561136385,0.100465561136385,0.0931529919477922,1.00064977923105,8098.69805898255
"5","cor_residing_country__trust_1__trust_7",0.26584142248764,0.95,-0.256487527157002,0.761244103451992,0.8142,0.95,-0.100465561136385,0.100465561136385,0.190516288616389,1.00001703624129,5431.46582382283
"6","cor_residing_country__trust_5__trust_7",0.269284866101615,0.95,-0.271793660915216,0.76890451801793,0.81415,0.95,-0.100465561136385,0.100465561136385,0.187569075311826,1.00064741822987,3809.52005509155
