"cor.mean","cor.var","R2.loading","R2.intercept"
0.87192118226601,0.697318007662835,-0.054672038139228,0.355274857529942
0.729611384783799,0.829228243021346,0.0147774151436281,0.147215413954874
0.735084838533114,0.649151614668856,0.000261339844789377,0.57769485356164
0.650793650793651,0.606458675424193,0.470008370955513,0.766960512583105
0.602627257799672,0.453749315818281,-0.0395289779399586,-1.94474649404153
0.645867542419266,0.755883962780514,0.322187942349758,0.941465963991037
0.768472906403941,0.652983032293377,-0.0768307955230327,0.0955998072264852
0.856595511767925,0.685823754789272,0.000752958343880672,0.439217595397155
0.660098522167488,0.731253420908593,-0.13221239464776,-1.87023960409554
0.899288451012589,0.669403393541324,0.471924649787916,0.974111651378146
0.646414887794198,0.668308702791461,-0.133183594803673,0.165782178208855
0.763546798029557,0.59879584017515,-0.215773738248955,-0.955192115669004
0.638752052545156,0.32183908045977,-10.3799115959549,-102.805853321777
0.694033935413246,0.569786535303777,-0.0499933149338434,-0.895217451049016
0.797482211275315,0.639846743295019,-0.228801522708044,-0.762089797413198
0.822660098522167,0.586754241926656,0.00869898737112629,0.508306105705859
0.830870279146141,0.542419266557198,-0.0346165768123141,-0.00822409279104597
0.756978653530378,0.630541871921182,0.0802326950157113,-0.304005157829905
0.52599890530925,0.314176245210728,-0.0281409428125321,-0.285170051956502
0.777777777777778,0.584564860426929,-0.0562497781116997,-0.352490020572902
0.86152162014231,0.793650793650794,0.439225695876575,0.960718301133665
0.489326765188834,0.631636562671045,-0.0372349143060129,0.149723009536758
0.666119321291735,0.667214012041598,0.0225845200155157,0.0199345928955731
0.677613574165298,0.787629994526546,-35.434664223811,-588.546951914487
0.413793103448276,0.628899835796388,-1.8378410128108,-9.0307399189351
0.610837438423645,0.50519978106185,-0.733736411966134,-1.14316312012916
0.519430760810071,0.721948549534756,-0.124516374242173,-0.604186744227808
0.915708812260536,0.452107279693487,-0.0623585424043418,0.17571758509634
0.739463601532567,0.533114395183361,-0.0357335863310488,0.195034445067087
0.832512315270936,0.69896004378763,-0.0382118548106276,0.508209144407482
0.639299397920087,0.741105637657362,-0.0608587119848754,0.389459278458382
0.695128626163109,0.343185550082102,0.0117552877563479,-0.115444534566279
0.652435686918445,0.655719759168035,-0.183590354326205,-0.415864568143021
0.61247947454844,0.372742200328407,-0.0124452512680258,0.224202688819638
0.648604269293924,0.644225506294472,-0.102826670776901,0.5839201173246
0.555555555555556,0.440065681444992,-0.00698270635375287,-0.885752831540584
0.798029556650246,0.428024083196497,0.0273456815821376,0.792215005070082
0.670498084291188,0.52928297755884,-0.161119057804474,-0.0556033235661275
0.956212370005473,0.721948549534756,0.38903916922955,0.951224215060349
0.633825944170772,0.801313628899836,-37.5082387869199,-374.52705098565
0.801860974274767,0.193212917350848,0.0526774327033872,0.517262421762616
0.645867542419266,0.38423645320197,-0.0726717424641219,-0.817753687049193
0.662835249042146,0.490968801313629,0.0359958904612933,0.401045667967016
0.806787082649152,0.49151614668856,-0.102897375920085,0.132639181604756
0.851669403393541,0.340448823207444,0.0451337616922837,-0.163209880073194
0.621784345922277,0.60207991242474,0.0330681552943857,0.668161101023744
0.409961685823755,0.55719759168035,-0.0740082577705801,-0.255065490114727
0.652435686918445,0.397372742200328,-0.00771418768630894,0.00574103934631953
0.516146688560482,0.57088122605364,-0.150262149904331,-3.45142214980549
0.488232074438971,0.362889983579639,0.00408978702590634,-0.747470681560129
0.637110016420361,0.749863163656267,-37.5495919051018,-1776.95576046762
0.693486590038314,0.847290640394089,-663694.593482603,-4403434.42650677
0.840175150519978,0.51231527093596,-0.0911553415642341,-0.417485793497862
0.788177339901478,0.725232621784346,-0.152177208526954,0.2767354625385
0.681444991789819,0.644772851669403,-0.101760192173602,-0.509138136434187
0.405582922824302,0.765188834154351,-0.0622671521340292,-0.288468193783653
0.323481116584565,0.661740558292282,0.307618740779737,0.906640902773119
0.699507389162562,0.569786535303777,-0.0204515856953167,-0.376913154540287
0.569786535303777,0.419813902572523,0.323075493718122,0.924915705248772
0.701149425287356,0.474548440065681,0.00863469174762377,-0.031944849336895
0.803503010399562,0.418171866447729,0.0157735712965086,0.331428041970681
0.493158182813355,0.371100164203612,-0.212407448246269,0.0603971032145708
0.720853858784893,0.82703886152162,0.0080997667051208,-0.315276040206632
0.727969348659004,0.47400109469075,-0.00570396240067472,0.480206837266659
0.569786535303777,0.539135194307608,-0.000411894766174203,0.305704522425875
0.513409961685824,0.383141762452107,-0.0828663268392484,-1.01312386614163
0.626710454296661,0.208538587848933,-0.0648828456077566,-1.22433670572267
0.90311986863711,0.571428571428571,0.450254496169203,0.972792419735325
0.731253420908593,0.313081554460865,-0.029756741361298,0.252059861602632
0.78215654077723,0.619594964422551,0.635790547319224,0.957022078671733
0.637110016420361,0.586754241926656,0.0310144675197869,-0.11777615731496
0.677066228790367,0.564860426929392,0.0604237391140605,0.725618388645958
0.687465790914067,0.466885604816639,-0.0650023158620427,-0.705905868784567
0.766283524904215,0.422550629447181,0.34583227945685,0.959675014794703
0.63327859879584,0.593322386425835,-0.238306163084107,0.416388998047679
0.382594417077176,0.529830322933771,0.232182861855038,0.916569960663318
0.756431308155446,0.708812260536398,-0.0843747935520316,-0.0879274372467951
0.537493158182813,0.562123700054735,0.240490702912288,0.882932569980043
0.841817186644773,0.732348111658456,-0.00136096968567534,0.408586835422236
0.646414887794198,0.492610837438424,-0.119131464741354,0.0996161246616196
0.885057471264368,0.68527640941434,-0.109686244756586,-0.609057551729681
0.896551724137931,0.568691844553913,-0.034838349764204,0.475584686372747
0.761904761904762,0.40503557744937,-0.150956318652631,-0.0582367885902371
0.727422003284072,0.495347564313082,0.0211687931277557,0.384801622159944
0.940886699507389,0.521620142309797,-1.03113112910978,0.697177098657747
0.465243568691845,0.480021893814997,-0.0415811968856932,-0.404225996518693
0.690202517788725,0.813902572523262,-642.457168902255,-2534.51822133073
0.851669403393541,0.432950191570881,-0.0625445845705692,0.0785876371362085
0.827586206896552,0.359058565955118,0.0343336336757634,0.420434181431951
0.557744937055282,0.863163656267104,-0.0360410176491777,-0.387748520438522
0.538040503557745,0.598248494800219,-0.078972026999186,-1.5413954469422
0.438423645320197,0.614121510673235,-0.403456650086821,-0.0212275546197707
0.752052545155993,0.685823754789272,-0.0433882104200043,-0.836068392466026
0.841817186644773,0.44991789819376,-0.00679659556531509,-0.437846048823562
0.682539682539682,0.874110563765736,-0.0274613177336678,-1.08221651963763
0.705528188286809,0.149972632731253,0.0115123279408914,0.481563729603261
0.493705528188287,0.426382047071702,-0.0855639014838048,-0.211563128997517
0.786535303776683,0.255610290093049,-0.00266458688890525,0.901862687168681
0.608100711548987,0.522167487684729,-0.197147298337853,-1.37531768408323
0.811165845648604,0.847290640394089,-1.58790760888494,-7.16366425601795
0.503010399562124,0.561029009304871,-0.255601628410906,-1.97348893531628
0.672140120415982,0.459770114942529,0.393885395904052,0.938847792699672
0.73015873015873,0.902025177887247,-0.457414890746038,-8.78845732974581
0.71264367816092,0.380952380952381,-0.0825885827693709,-0.134786801312193
0.417624521072797,0.529830322933771,-58.7450869783829,-22.0269117023901
0.54679802955665,0.649151614668856,0.0493131413428356,0.643203109387882
0.825396825396825,0.513409961685824,0.431070963883015,0.96319209186635
0.82703886152162,0.675971538040503,-0.152480019002743,-3.79488341469185
0.628899835796388,0.610837438423645,-0.0697351380046274,-0.392273647620039
0.908045977011494,0.696223316912972,-0.012530994085372,0.40457774101851
0.408866995073892,0.71647509578544,-734.914329477756,-2414.32154483321
0.53968253968254,0.646414887794198,-0.393545812748553,-0.674591288010183
0.443897099069513,0.542419266557198,-0.0488428735432485,-1.75997834209602
0.500821018062397,0.279146141215107,-0.120238900243294,0.48495472508319
0.796387520525451,0.774493705528188,0.0320394131140153,0.558983950330711
0.374384236453202,0.741652983032293,-0.0989684077690074,-0.566295152122698
0.71264367816092,0.720306513409962,0.0171580707457181,0.372273265177711
0.720306513409962,0.469622331691297,-0.1810905365614,-0.835868005612439
0.442255062944718,0.496442255062945,-0.25435247075133,-0.679351863263025
0.747126436781609,0.571975916803503,-0.135991903968274,0.412627961331842
0.788724685276409,0.462506841817187,-0.0432945933122169,-0.253182202342901
0.630541871921182,0.62999452654625,0.00651010026732513,0.51577884938472
0.414340448823207,0.700602079912425,-0.0832787121757916,-1.47983989235126
0.382047071702244,0.414887794198139,-0.0947537932130602,-1.7921225010186
0.568691844553913,0.51888341543514,0.413041424586635,0.88982201176273
0.70224411603722,0.392446633825944,-0.269872588793382,0.188578158323545
0.443897099069513,0.78215654077723,-151.095290046154,-1021.96099348404
0.772304324028462,0.574712643678161,0.056095212814747,0.0141131433967846
0.626710454296661,0.487137383689108,0.406953326459478,0.939829895654932
0.596059113300493,0.627257799671593,-8.24128645744232,-10.4140430387514
0.808429118773946,0.68527640941434,0.0236685631230069,0.333970498504742
0.562671045429666,0.724137931034483,0.0191411022753877,0.709340913769608
0.87903667214012,0.645867542419266,0.492716286175436,0.964203580409174
0.851669403393541,0.679255610290093,-0.0612701137478697,-0.542602350924259
0.628352490421456,0.467432950191571,-0.182268145798664,-0.531530121523068
0.668856048166393,0.866995073891626,-0.10046179385381,-0.61889848337918
0.689107827038861,0.568144499178982,-0.0737250433978405,0.593661615631085
0.567049808429119,0.711001642036125,-0.166527961729757,-0.422000855711445
0.484948002189381,0.596059113300493,-0.0212992683423425,-0.74816178598788
0.905856595511768,0.770662287903667,-0.0479082463396805,0.561852672162853
0.411056376573618,0.561576354679803,0.018894294808402,0.20577404399155
0.522167487684729,0.366174055829228,-0.207106853934603,-2.32953913144339
0.444444444444444,0.472906403940887,-0.148673671802637,-0.8535394145275
0.659551176792556,0.613574165298303,0.0115279126259338,0.350913642143228
0.852216748768473,0.596059113300493,-0.0703376824836639,0.092349608472226
0.681992337164751,0.671592775041051,-0.068612428217752,-0.725731573746206
0.919540229885057,0.62616310892173,0.50942189328579,0.964766484947889
0.605911330049261,0.412151067323481,0.0569995119055378,0.764132931564557
0.657909140667761,0.529830322933771,0.0254125574377704,0.0600093597718155
0.70607553366174,0.330596606458675,-0.0288567002040274,0.105349132161913
0.846195949644225,0.510673234811166,-0.0775997311789964,0.469905311386541
0.610290093048714,0.625068418171866,0.0192854567482789,-0.0799440800830096
0.534756431308155,0.481663929939792,-0.0416810718738856,-0.336857610462513
0.62999452654625,0.844553913519431,-27.5569688461627,-229.232586802821
0.494252873563218,0.607006020799124,0.0173049221337431,0.242449337146934
0.725779967159278,0.360153256704981,-1.97453181392188,-0.130839902657729
0.667214012041598,0.64696223316913,-0.126557715546252,-0.627481590474384
0.603174603174603,0.516694033935413,0.00481272663218768,0.454294323507815
0.787082649151615,0.544608648056924,-0.151393492766684,0.460449965385582
0.735084838533114,0.578544061302682,-0.00486887504783362,0.279810175944548
0.78544061302682,0.526546250684182,-0.00485618948403821,-0.0130529371274009
0.669403393541324,0.587848932676519,-0.0352274508597956,-0.594783578327503
0.613026819923372,0.444991789819376,-0.19542177136333,0.0428469905869441
0.692391899288451,0.576902025177887,0.463939549293337,0.935979875685618
0.686918445539135,0.261631089217296,-0.131769881389689,-0.217307368046137
0.881226053639847,0.622331691297209,0.0172880548894772,0.544862658355977
0.704980842911877,0.489326765188834,0.393260914807636,0.91930486542242
0.79255610290093,0.452107279693487,0.0336582543016666,0.716052951895445
0.932129173508484,0.481663929939792,0.493066628858043,0.971675551068585
0.652435686918445,0.706622879036672,-0.521570091891531,0.164934028336495
0.639299397920087,0.534209085933224,-0.792976664225039,0.593391935650829
0.614668856048166,0.493705528188287,-0.0683718674936282,-0.230633881783286
0.86863711001642,0.411056376573618,0.110117148729317,0.828601530426795
0.674329501915709,0.450465243568692,-0.0227006206779179,0.0218957704253314
0.822660098522167,0.380405035577449,0.0570713774388957,0.0878224123184885
0.443349753694581,0.502463054187192,-0.0584770797721563,-0.878973719627413
0.694033935413246,0.566502463054187,0.489969052065414,0.945070790990504
0.424740010946907,0.432950191570881,-0.0415930390404198,-0.19070980887383
0.749315818281335,0.722495894909688,-10782.5413663133,-100827.968492427
0.562123700054735,0.541324575807334,-0.168236145043261,-1.65302368084783
0.737821565407772,0.677613574165298,-0.163728787288537,0.647064636091095
0.523262178434592,0.652435686918445,-0.0159769890176251,-0.718550299281326
0.541324575807334,0.451559934318555,-0.751262211601413,0.193937355560261
0.724137931034483,0.497536945812808,0.064193652319307,0.108731262305343
0.720853858784893,0.587301587301587,-0.106607751557792,0.172201089040062
0.547892720306513,0.80295566502463,-0.148883456596457,0.294140575599142
0.921182266009852,0.633825944170772,0.00077229347338903,-0.0207796630052874
0.794198139025725,0.436781609195402,0.361130705765714,0.958623724390885
0.776135741652983,0.530377668308703,-136.272840287705,-411.982636214992
0.675424192665572,0.592775041050903,0.0231625029084676,0.475575110987903
0.536945812807882,0.239737274220033,0.0538288872432997,0.467798283335806
0.700602079912425,0.584564860426929,-0.0978550206023263,-0.408422026440356
0.617952928297756,0.587301587301587,0.0212513431728645,0.06889103162504
0.621237000547345,0.517788724685276,-0.113121138189713,-0.595562882117503
0.81992337164751,0.681444991789819,-0.134143032674059,-1.137212146128
0.86863711001642,0.816091954022988,0.555539550774796,0.957477725678839
0.37712096332786,0.622331691297209,0.143416076348388,0.917143452294604
0.951833607006021,0.737274220032841,0.588979926187557,0.971287704472055
0.555555555555556,0.705528188286809,-0.141146813124522,-0.436880806368984
0.619047619047619,0.344827586206897,-0.021321798318499,-0.374458415810596
0.864258347016968,0.410509031198686,-0.106220223011005,0.638614722616792
0.535303776683087,0.535851122058019,-0.00151756644870393,-0.434767878099669
0.370552818828681,0.489326765188834,-1.17105099557215,0.387107523791267
0.568144499178982,0.672140120415982,-52.8845274393334,-1513.23555020907
0.556650246305419,0.590038314176245,-0.0711892714111646,-1.12605162382058
0.732348111658456,0.489326765188834,-0.302010727922578,-1.16194498986313
0.444444444444444,0.70935960591133,-0.0960882620015224,-1.92896899450375
0.424740010946907,0.590585659551177,0.363713793899818,0.900354449832798
0.700054734537493,0.532019704433498,0.00558826131474199,-1.41328907716096
0.779419813902572,0.360700602079912,0.0577595550930403,0.59123832200911
0.81335522714833,0.466338259441708,0.0193136163078427,-0.0327053811640015
0.908593322386426,0.815544608648057,0.032486799644509,0.549679271568514
0.791461412151067,0.53639846743295,0.057088772556053,0.509235860039485
0.901477832512315,0.58839627805145,-0.0789826993638356,-0.73539037251629
0.600437876299945,0.561029009304871,-0.0437973625706194,-0.165453901656608
0.580733442802408,0.490421455938697,-0.0282220812145499,-0.94446453532337
0.801860974274767,0.369458128078818,-0.406595654894464,-1.24690821604721
0.692939244663383,0.552818828680898,-0.000456975381740055,0.0110136996838156
0.415435139573071,0.511220580186097,-0.128420303734482,-2.83872367158241
0.793103448275862,0.637110016420361,0.0135568857063068,-0.305286022738173
0.866447728516694,0.660645867542419,-0.0352042682772447,-0.566990362734882
0.824849480021894,0.264915161466886,-0.0727458873926043,-0.43523720380119
0.500273672687466,0.478927203065134,0.317779358415686,0.922264425726671
0.665571975916804,0.416529830322934,-0.237290980213945,-0.147229646209137
0.500821018062397,0.405582922824302,-0.075418911434483,0.277918086766887
0.474548440065681,0.506294471811713,-0.325306427226578,-1.57651572870408
0.496989600437876,0.744937055281883,-0.219514785680338,-0.0390958350963184
0.599343185550082,0.582922824302135,-0.0159015583408788,0.28817014563236
0.700602079912425,0.434044882320744,0.475452975117402,0.934078834170016
0.654625068418172,0.632183908045977,-0.00201506940478136,0.410549908624826
0.584017515051998,0.471811713191024,-0.164992332867511,-0.588042918011753
0.70935960591133,0.599890530925014,-0.0539989502371201,-0.579898594864435
0.65407772304324,0.51231527093596,-0.0516805306245256,-0.322026243195622
0.498084291187739,0.459222769567597,0.0102225807349995,-1.30163344861356
0.498084291187739,0.499726327312534,-0.0514072475702847,-1.10038459479621
0.604269293924466,0.529830322933771,-0.0154996360001785,0.54127736631216
0.659003831417625,0.532567049808429,0.430314974079558,0.947238000005107
0.893814997263273,0.640394088669951,-0.0740083731250261,0.113110782424698
0.703886152162014,0.763546798029557,-0.0757146550070638,0.447972147033585
0.774493705528188,0.659003831417625,0.0261129055219488,0.519026026857162
0.695128626163109,0.406130268199234,-11.8403751473123,-84.5503848271568
0.503557744937055,0.438423645320197,-0.14648942555414,0.225567716899228
0.732895457033388,0.540229885057471,-0.0412981585304273,0.0709311951369309
0.645320197044335,0.625615763546798,-0.0741222656503293,0.427297389855786
0.741105637657362,0.412698412698413,0.085032521369726,0.415101111157604
0.854406130268199,0.517241379310345,0.409601200377233,0.970680245748542
0.767925561029009,0.465243568691845,-0.0195366812319424,0.235417254390708
0.744937055281883,0.790366721401204,-0.381756458337193,0.474368171449994
0.61576354679803,0.611384783798577,-0.0249796870638399,-0.398303960768295
0.961685823754789,0.61576354679803,0.0316928218969866,0.680856549959473
0.713191023535851,0.452654625068418,-0.0195589984320743,-0.18074342930769
0.520525451559934,0.568691844553913,0.00485595613868972,-0.0446354576288959
0.615216201423098,0.766830870279146,-0.00792804250109169,0.329898374073032
0.9168035030104,0.512862616310892,0.564663952218727,0.979510032691387
0.32183908045977,0.461959496442255,0.208237472714606,0.910040753485865
0.781061850027367,0.256704980842912,-5.25458424634539,-5.73409417422518
0.704980842911877,0.703338806787083,0.318825792958703,0.907820869618828
0.666119321291735,0.625068418171866,-0.103993755345416,-0.490079096331054
0.482211275314724,0.466338259441708,-0.0331461210005504,-0.983205325826246
0.803503010399562,0.365626710454297,-0.0133221495036409,-0.136840043068564
0.853858784893268,0.284619594964423,0.0471495030371326,-1.33950285260814
0.575259989053092,0.648056923918993,0.461659784117765,0.926060328423929
0.789272030651341,0.414887794198139,-1.0003421262507,-1.47112061604243
0.728516694033935,0.707170224411604,0.0556905345373986,0.655812606176255
0.833059660645868,0.409961685823755,-0.110914613331519,0.246061981318243
0.662287903667214,0.568691844553913,-0.011372692778916,0.34981266647204
0.426929392446634,0.549534756431308,0.0185931274009528,0.269178884057147
0.699507389162562,0.411056376573618,-0.0777926909754862,-0.162774660417124
0.74384236453202,0.580733442802408,0.0366548713090773,0.762762788138169
0.750410509031199,0.732895457033388,0.0158268101990289,0.570355464669542
0.651340996168582,0.679802955665025,-0.0939621724320658,-0.873728089593202
0.812260536398467,0.236453201970443,-0.0211958037783389,-0.356358377620298
0.394088669950739,0.299397920087575,-0.216404934967798,-1.02904608761387
0.657909140667761,0.473453749315818,-0.0635336673199081,-0.0819388288120253
0.921182266009852,0.605911330049261,0.602144536517653,0.976197842891766
0.583470169677066,0.608648056923919,0.291277090932491,0.935281073138914
0.933223864258347,0.712096332785988,0.186350426301411,0.96224863112509
0.807334428024083,0.458128078817734,0.0391442738922055,0.796304463317894
0.679255610290093,0.699507389162562,-0.199890025153817,-0.66342747329439
0.865353037766831,0.661193212917351,0.00777558350949537,0.0996716620311208
0.826491516146688,0.252326217843459,0.0617244011931656,0.721568141390951
0.556650246305419,0.709906951286262,0.00232185927216066,0.316742751490147
0.788724685276409,0.594417077175698,-0.068635968661076,-1.65297003545649
0.629447181171319,0.590038314176245,0.452751223125269,0.943375297271443
0.398467432950192,0.691844553913519,-0.00348293932908916,-0.414578851366594
0.53639846743295,0.506294471811713,0.310781456482658,0.919334732927276
0.674329501915709,0.296113847837986,-0.0469787605500396,-0.782582738829547
0.873015873015873,0.742747673782156,-41.0955884676255,-478.617763164064
0.727422003284072,0.40831964969896,-0.0344849024339715,-0.744725222033893
0.529830322933771,0.347016967706623,0.0207230323491073,-0.449477144671325
0.899288451012589,0.594417077175698,-0.00282306587281544,0.19933653812577
0.834701696770662,0.329501915708812,0.00348927159027657,-0.237850002440527
0.896004378762999,0.61247947454844,0.547786366270886,0.96706709909942
0.765188834154351,0.799671592775041,-0.0457886226995226,0.516760415264498
0.778872468527641,0.535851122058019,0.00260211833283719,-0.189973060463701
0.766283524904215,0.46360153256705,-0.114822219697351,-0.319727312684239
0.849480021893815,0.87192118226601,-108.351843372905,-1861.82090097946
0.760262725779967,0.616310892172961,-0.064816114851806,-1.11679865856689
0.461959496442255,0.737274220032841,-0.0866060677753766,-1.17636201959001
0.923371647509578,0.291735084838533,0.0345508183054385,-0.0150813123751325
0.875205254515599,0.587848932676519,-0.745392713871146,0.687198397665162
0.767925561029009,0.343732895457033,-0.0210606470514278,0.351768851115527
0.540229885057471,0.68527640941434,-0.0115720404770876,-0.168480778709088
0.622331691297209,0.496989600437876,0.0351140064916013,0.177000307499552
0.625068418171866,0.0744389709906951,0.0512544133742723,0.572199700297423
0.826491516146688,0.697318007662835,0.0447022449426677,0.641216610260359
0.775588396278051,0.50519978106185,-0.0731790011286266,-0.610041327740893
0.842911877394636,0.661740558292282,0.423672422546601,0.9491627715907
0.828133552271483,0.701149425287356,0.0134569074666183,0.0417783675356213
0.899288451012589,0.551176792556103,0.016536744358653,0.499917272669508
0.721401204159825,0.833607006020799,-90.0435854234022,-2765.42769295767
0.735632183908046,0.69567597153804,-0.0456895048787029,-0.232843961339751
0.803503010399562,0.52599890530925,0.534519423614046,0.962733501653391
0.896004378762999,0.252326217843459,0.0880054433129709,0.78524343543241
0.80295566502463,0.503557744937055,-0.190899565761703,-0.426565628019269
0.655719759168035,0.313628899835796,0.0275431928027867,0.197660506389576
0.50191570881226,0.384783798576902,0.212663237829361,0.858304504285162
0.821018062397373,0.482758620689655,0.612674284985926,0.948901713342152
0.739463601532567,0.295566502463054,0.471400555268115,0.948769357530177
0.747126436781609,0.351395730706075,-0.028701175177188,-0.187994983413244
0.51231527093596,0.691297208538588,0.0205150563789126,0.35250686944467
0.914066776135742,0.616310892172961,-0.130926532753251,0.313558692573801
0.531472359058566,0.483853311439518,-0.00508828312645515,0.312244779173981
0.915708812260536,0.561029009304871,0.0533713730611567,0.619071086675748
0.326217843459223,0.599890530925014,-0.0166312441279417,-0.170887261795256
0.773946360153257,0.33552271483306,0.607318056405262,0.941684062077412
0.55008210180624,0.270388615216201,0.0101663746662303,0.492909899831096
0.458675424192666,0.715927750410509,-0.0875179372589276,-0.526791164905089
0.510673234811166,-0.102353585112206,-28.4550904969078,-191.037932352762
0.569786535303777,0.474548440065681,-0.271299857032913,0.0667614809420203
0.569786535303777,0.700054734537493,-0.193097276359642,-0.255774618154357
0.769567597153804,0.497536945812808,0.00884061696308891,0.328831529542542
0.752599890530925,0.709906951286262,0.0541058203817784,0.558825529635399
0.369458128078818,0.496442255062945,0.320683147004894,0.914892722738942
0.853311439518336,0.364532019704433,-5.20588088483986e-05,0.294225561218891
0.530377668308703,0.667214012041598,-0.021855449366363,-0.47208498976679
0.670498084291188,0.459222769567597,0.0375148069401816,-0.126296509438203
0.733990147783251,0.707717569786535,-0.036777207125763,0.33277672315727
0.562123700054735,0.727969348659004,0.338201530751618,0.932831765125378
0.706622879036672,0.547892720306513,-0.015858389305166,0.831997553256285
0.754789272030651,0.41160372194855,0.00745678366059799,0.249299751266552
0.595511767925561,0.412151067323481,-0.209884910406388,0.385077260824503
0.720853858784893,0.373289545703339,-0.0722791100940756,-0.938648438374108
0.689107827038861,0.646414887794198,-0.0298339364875315,0.204262491232099
0.670498084291188,0.660098522167488,0.00178631250566685,0.425667264315512
0.724137931034483,0.388615216201423,-2.70805176879829,-1.13988304029763
0.542419266557198,0.367816091954023,-0.172912011617979,-0.428766695208133
0.767925561029009,0.56759715380405,0.022776748201434,0.223932876063623
0.720853858784893,0.428024083196497,0.0388512606189998,0.257611784415837
0.725779967159278,0.666119321291735,0.0723883824184957,0.825762351475616
0.858784893267652,0.476737821565408,-0.0201492200069906,0.0225533997218921
0.47071702244116,0.48111658456486,-0.0142518448115576,0.200947938068126
0.888888888888889,0.697865353037767,0.445249648714184,0.962637493114999
0.544608648056924,0.63656267104543,-0.0857177357498475,-0.135139627978389
0.553913519430761,0.619594964422551,-0.0682345655305303,-0.143416308678775
0.734537493158183,0.386425834701697,-0.00269885342132636,-0.224433221121189
0.692939244663383,0.480021893814997,0.429082191614726,0.954206816418317
0.60207991242474,0.665571975916804,0.347400344249094,0.916934837873101
0.803503010399562,0.704433497536946,-0.0472417272552941,0.316086028217504
0.842364532019704,0.63327859879584,0.550117560495972,0.961829314479721
0.945812807881773,0.76135741652983,-0.09056138939767,0.380649131411676
0.796934865900383,0.789819376026273,0.514090487841619,0.96725769658863
0.620689655172414,0.814449917898194,-0.153656984698751,0.252149948421277
0.869184455391352,0.415435139573071,-0.0388711546636495,-0.0303198823012205
0.611384783798577,0.649151614668856,-0.0492685557455799,-2.95539205357124
0.688013136288998,0.831417624521073,-114.012864183869,-138.892692473388
0.784345922276957,0.876847290640394,-208.004444233179,-1542.32463454139
0.68856048166393,0.274767378215654,0.151441408081657,0.740872720565054
0.829775588396278,0.817733990147783,-0.447909887349083,0.299518297051159
0.349206349206349,0.53639846743295,-0.126774268240423,-1.22074137440106
0.789819376026273,0.489326765188834,-0.0724129225590266,0.00920248358480269
0.816091954022988,0.417624521072797,0.510519529036218,0.964404118477555
0.452654625068418,0.848385331143952,-0.19845518108396,-0.545835552404949
0.603721948549535,0.81663929939792,-129388.800541827,-447813.105914107
0.655172413793103,0.492063492063492,-0.0514262212969905,-0.00380832406072895
0.389162561576355,0.660098522167488,-0.163069903373085,-0.973478037387737
0.865353037766831,0.691297208538588,-0.185966856888056,0.0240966169513233
0.741652983032293,0.835249042145594,-3374.22189558149,-7232.59749522042
0.713738368910783,0.544061302681992,-0.00445354925931984,0.374390673350864
0.541324575807334,0.267104542966612,-17.8631759116636,-339.905180916105
0.703338806787083,0.874657909140668,-0.0209586964182182,-0.446764178441361
0.9064039408867,0.548440065681445,0.321359065237603,0.971771915751587
0.694581280788177,0.690202517788725,0.0114208826582606,0.403805748000717
0.647509578544061,0.658456486042693,-0.737929275660531,0.494317106547237
0.729064039408867,0.60919540229885,-0.0739751433714737,-1.44861492209978
0.760262725779967,0.689107827038861,-0.0481531493545126,-0.129215534581536
0.684181718664477,0.334428024083196,-0.0318494299513254,0.133922333000764
0.843459222769568,0.461412151067323,-0.0253665688403921,0.502771020702101
0.89272030651341,0.611932129173508,0.00351442179283878,0.607150787376647
0.407772304324028,0.666119321291735,-0.0552412176790928,-1.90973367378528
0.738916256157635,0.792008757525999,-1658.57525673692,-892.363379722991
0.527640941434045,0.636015325670498,-0.0570121410418347,-1.65464136699393
0.557744937055282,0.416529830322934,-0.346019533495874,-0.88864389028495
0.773399014778325,0.836343732895457,-31.6725287421277,-463.116078885052
0.586206896551724,0.626710454296661,-0.585010335813694,0.761896845868727
0.841817186644773,0.590585659551177,-0.304144759187021,-0.550928761447866
0.670498084291188,0.432950191570881,-0.0275691212546365,0.213919554299007
0.660098522167488,0.390257252326218,0.0118333989131324,-0.778085203521041
0.690749863163656,0.700054734537493,-0.72566042105163,-0.399349521229895
0.879584017515052,0.564860426929392,-0.0625532055962228,0.444351497493891
0.766830870279146,0.63656267104543,-0.023205960292078,0.262907622877414
0.642583470169677,0.732895457033388,-0.0560736131368207,-0.254838839730454
0.737821565407772,0.637110016420361,0.00976850996534051,0.324435540600806
0.614668856048166,0.838533114395183,0.229683270825064,0.918117896871349
0.731253420908593,0.684181718664477,-0.173929303714424,-0.856955012218183
0.610290093048714,0.579638752052545,-0.0460364022998412,0.315638644145762
0.580733442802408,0.541324575807334,-0.132855110267988,0.317595911885079
0.520525451559934,0.472906403940887,-0.0810113425584948,-0.747735038161027
0.67816091954023,0.36343732895457,-0.0655672377750176,0.23638034073994
0.646414887794198,0.506841817186645,-0.144816003377714,0.118765344166841
0.52599890530925,0.617405582922824,-0.197741349933149,-0.409184793410903
0.763546798029557,0.568144499178982,0.0185650650087168,-0.831094665801561
0.642583470169677,0.819376026272578,-516.56664839277,-31211.1711531746
0.709906951286262,0.596059113300493,0.558527310590772,0.946987125151395
0.874110563765736,0.509578544061303,-0.138876909384427,0.491537279308738
0.841269841269841,0.373289545703339,0.385481699240958,0.962885887985427
0.935413245758073,0.509031198686371,-0.00113513686421296,0.103852884938732
0.801313628899836,0.58128078817734,-0.629336756865588,-0.482794871714766
0.617405582922824,0.188834154351396,0.0513989551289574,0.473902331693216
0.752052545155993,0.431855500821018,-0.0101848411235637,-0.274131814599131
0.726327312534209,0.469074986316366,-0.00423624966016067,0.486873179488535
0.748768472906404,0.637110016420361,0.608182042918581,0.954824095897759
0.530377668308703,0.513957307060755,0.0102952385969074,0.24797135382245
0.63327859879584,0.810618500273673,-0.628972793583492,-0.481723493792412
0.636015325670498,0.678708264915161,-0.108620765277933,-0.767709321637009
0.614668856048166,0.516694033935413,0.00544642219386338,0.238236591879922
0.799671592775041,0.599343185550082,0.0154956773497231,0.64703548293992
0.80623973727422,0.900930487137384,-0.0384236682926109,0.397378191881464
0.752599890530925,0.74384236453202,-0.0265383441585174,0.0252886403384498
0.701149425287356,0.641488779419814,0.0416935024613788,0.144930005312776
0.550629447181171,0.660645867542419,-0.098556093703269,-1.6210494671014
0.36343732895457,0.281882868089765,-0.109562885564256,-0.165881608989917
0.626710454296661,0.741652983032293,-0.0745526398230874,0.346046390152094
0.593869731800766,0.656267104542967,-0.0388895732796517,0.0260162248867329
0.76464148877942,0.480021893814997,-15.0645521891838,0.620358950665681
0.672687465790914,0.644225506294472,0.0386719608320458,0.557093279887599
0.933771209633279,0.687465790914067,0.640972945967526,0.965812372768153
0.71647509578544,0.559386973180077,-0.136115302550466,-0.0962012236464844
0.623426382047072,0.570333880678708,-0.0136382136682336,0.120931310970589
0.922276956759715,0.590038314176245,-0.219722987914236,-2.94196885882945
0.726874657909141,0.679802955665025,0.397862786251743,0.959272399165924
0.757525998905309,0.686371100164204,-0.229180885261362,-0.78433587362436
0.535851122058019,0.665024630541872,0.189663137356629,0.915316620033432
0.471811713191024,0.653530377668309,-0.0176008243610468,-0.910376507551735
0.906951286261631,0.68527640941434,-495.942370948865,-7082.75139327058
0.559386973180077,0.603174603174603,0.359449387216454,0.926431507645658
0.800766283524904,0.380405035577449,-0.048391392665468,-0.109244365327795
0.604269293924466,0.800766283524904,0.0127128252476558,-0.465094036009995
0.472906403940887,0.0859332238642583,-0.0618670510923829,-0.249109163390619
0.804597701149425,0.461959496442255,0.0371370092960883,0.287628804314765
0.556650246305419,0.669403393541324,-0.40457925715256,-0.101191253115157
0.832512315270936,0.63327859879584,-21.8301172384087,-59.2314755859298
0.779419813902572,0.801313628899836,-0.00437307009487875,-0.279129991953458
0.788724685276409,0.684181718664477,0.0338349678691641,0.198060888736539
0.618500273672687,0.441707717569786,-0.172973635486005,-0.988094518063001
0.621784345922277,0.473453749315818,-0.0209419359508156,0.771778965403303
0.744389709906951,0.605911330049261,0.0058019957340828,0.00996731820648533
0.552818828680898,0.71264367816092,-0.171914369185375,0.454419975595136
0.753147235905857,0.639846743295019,-0.0648759973383779,0.275105275451357
0.741105637657362,0.200875752599891,0.0454556806872918,-0.52722388358525
0.475643130815545,0.401751505199781,-0.0300509632175583,-1.58774233192417
0.668856048166393,0.655172413793103,0.0169234504034036,0.931825670176531
0.888888888888889,0.385878489326765,0.523947487860553,0.968972703368921
0.865353037766831,0.598248494800219,-1.30781652532559,-0.682054336626204
0.587301587301587,0.593869731800766,0.0444765509446727,0.495725171757686
0.547892720306513,0.558292282430213,-0.0451844004575783,-0.283787148283496
0.59879584017515,0.530925013683634,0.434216236026558,0.913658816107597
0.760810071154899,0.647509578544061,0.449313021260877,0.957988736224774
0.645320197044335,0.696770662287904,-0.0214960049047599,-0.650790098394334
0.430760810071155,0.617952928297756,-0.0909613612345936,-0.25633919504787
0.726327312534209,0.281882868089765,-0.0391252406340707,-0.166310097547438
0.87192118226601,0.59879584017515,-0.0100320503274489,-0.0265885627824414
0.700602079912425,0.476737821565408,-0.0174819757047431,-0.344836714982086
0.689655172413793,0.346469622331691,0.449624439843945,0.946122919438337
0.472359058565955,0.500273672687466,-0.0533089888453415,0.206439542271052
0.808429118773946,0.535303776683087,0.0105160306308225,-0.320832192256351
0.591133004926108,0.66776135741653,0.00507590323427776,-0.257181169725529
0.582375478927203,0.623973727422003,0.0244758470407498,-0.887436687477246
0.489326765188834,0.639299397920087,-164.568292001248,-1011.85736868
0.680350301039956,0.495894909688013,-0.205343193850261,0.240248908256991
0.246305418719212,0.786535303776683,-0.0617887793799607,-0.332174365959315
0.719211822660098,0.86152162014231,-61.5956369085223,-1917.47324230364
0.489326765188834,0.718117131910235,0.238413336921998,0.933980897028755
0.563218390804598,0.795292829775588,-0.0469302824762172,-0.652443744168826
0.770114942528736,0.55719759168035,-0.0232851218048573,-0.0757438776106136
0.488779419813903,0.494252873563218,-0.0607129299462077,-0.67487997517174
0.0273672687465791,0.692939244663383,-0.186238323717934,-2.85188094884217
0.908593322386426,0.411056376573618,0.0206756908115456,0.395966083088916
0.812260536398467,0.508483853311439,-0.10188934014301,0.311748024070859
0.775588396278051,0.724137931034483,-123.718822763748,-1222.51830471754
0.756431308155446,0.619594964422551,0.247486176361389,0.941428873832975
0.642583470169677,0.529830322933771,-0.0414424899951031,-0.524271347327388
0.831417624521073,0.318007662835249,0.113370950908378,0.607998758986802
0.799671592775041,0.587848932676519,0.000828944420558253,0.281792932499214
0.708812260536398,0.74384236453202,-38.521520054017,-107.059367818532
0.648604269293924,0.45320197044335,0.0380091003893227,0.580430494359156
0.537493158182813,0.619047619047619,0.00894418741743497,-0.223632519714345
0.753694581280788,0.666119321291735,-0.0353190333250697,-0.255118814763238
0.867542419266557,0.749315818281335,-0.140771053309405,-0.0650595825892855
0.616858237547893,0.521072796934866,-0.250001408853235,-0.230090126775274
